Workbook
Name allocation_su: Data_Fits!$B$13
Name cores_per_node: Data_Fits!$B$9
Name efficiency_manual: Inputs!$B$16
Name efficiency_method: Inputs!$B$15
Name full_over_trimmed_time: Data_Fits!$B$14
Name islands: Inputs!$B$13
Name mem_safety_frac: Data_Fits!$B$12
Name model_variant: Inputs!$B$7
Name n_designs: Inputs!$B$19
Name n_draws: Inputs!$B$20
Name n_realizations: Inputs!$B$5
Name n_seeds: Inputs!$B$21
Name nfe_total: Inputs!$B$14
Name node_mem_gb: Data_Fits!$B$10
Name nodes: Inputs!$B$12
Name ranks_per_node: Inputs!$B$11
Name realization_years: Inputs!$B$6
Name realizations_per_run: Inputs!$B$8
Name reeval_n_realizations: Inputs!$B$25
Name reeval_nodes: Inputs!$B$27
Name reeval_policies: Inputs!$B$24
Name reeval_years: Inputs!$B$26
Name su_per_node_hr: Data_Fits!$B$11

Sheet README
A1: HPC parallelism + SU cost calculator
A2: Built by scripts/temporary/build_hpc_cost_calculator.py -- rerun it to refresh from the output tables.
A4: HOW TO USE
A5: 1. Set the yellow toggles on the Inputs sheet.
A6: 2. Read Calculator for one Borg run + the whole campaign.
A7: 3. Read Design_Compare to see wall time vs SU across node counts.
A8: 4. Watch the three CHECK rows on Calculator: memory, walltime, allocation.
A10: WHERE THE NUMBERS COME FROM
A11: Data_CostSurface MEASURED 48 cells, N x L x {trimmed, full}, ensemble_cost_experiment.
A12: Data_Packing MEASURED K ladder 1..128, anvil_scaling_experiment (stand-in N=20 L=20).
A13: Data_BorgScaling MEASURED Borg efficiency 8..64 slots, anvil_scaling_experiment.
A14: Data_Batching MEASURED realizations per model.run(), anvil_scaling_experiment.
... A40: * Borg's own convergence is not modelled: NFE is an input, not an output.

Sheet Inputs
A1: HPC design toggles
A2: Change any YELLOW cell. Everything on Calculator and Design_Compare updates live.
A4: ENSEMBLE (determines per-evaluation cost)
A5: n_realizations | B5: 100 | C5: N: realizations per evaluation. On-grid: 1/10/20/50/100/200 -> exact measured lookup.
A6: realization_years | B6: 10 | C6: L: years per realization. On-grid: 5/10/20/30 -> exact measured lookup.
A7: model_variant | B7: trimmed | C7: 'trimmed' (search, steps 06) or 'full' (baseline/re-eval, steps 05/08).
A8: realizations_per_run | B8: all | C8: B: realizations per model.run(). 'all' = campaign setting. Others cost ~1.1-2.4x.
A10: PARALLELISM (determines walltime and SU)
A11: ranks_per_node | B11: 128 | C11: K: concurrent evaluator ranks per node. 128 = SU-optimal (F2). Auto-capped by memory below.
A12: nodes | B12: 32 | C12: Nodes per Borg run. Wall time halves per doubling; SU is nearly flat (F5).
A13: islands | B13: 4 | C13: MM-Borg islands. Costs ~nothing in speed (F4) -- pick for search quality.
A14: nfe_total | B14: 500000 | C14: Total NFE across all islands for ONE Borg run.
A15: efficiency_method | B15: measured_hold | C15: measured_hold | loglinear | manual. See Calculator note.
A16: efficiency_manual | B16: 0.729 | C16: Used only when efficiency_method = manual.
A18: CAMPAIGN SCOPE (how many Borg runs)
A19: n_designs | B19: 3 | C19: Scenario designs compared.
A20: n_draws | B20: 1 | C20: Ensemble draws per design (K in the experimental design).
A21: n_seeds | B21: 5 | C21: MOEA seeds per draw (S).
A23: RE-EVALUATION (final Pareto sets on the held-out test ensemble)
A24: reeval_policies | B24: 1500 | C24: Pareto solutions re-simulated in total.
A25: reeval_n_realizations | B25: 10000 | C25: N of the re-evaluation ensemble E_test.
A26: reeval_years | B26: 100 | C26: L of the re-evaluation ensemble E_test.
A27: reeval_nodes | B27: 32 | C27: Nodes for the re-evaluation job (embarrassingly parallel).

Sheet Calculator
A1: Runtime + SU calculator
A2: Green = computed. Blue = headline. Nothing here is typed; change Inputs.
A4: PER-EVALUATION COST
A5: lookup key | B5: =model_variant&"|"&n_realizations&"|"&realization_years -> trimmed|100|10 | C5: Composite key into the measured cost surface.
A6: on measured grid? | B6: =IF(ISNA(MATCH(model_variant&"|"&n_realizations&"|"&realization_years,Data_CostSurface!$A$5:$A$52,0)),"NO - using fitted fallback","YES - exact measured value") -> YES - exact measured value | C6: Exact measured cells always beat the fit. N=100/L=10 (the campaign point) is on-grid.
A7: t_eval_measured_s | B7: =IFERROR(INDEX(Data_CostSurface!$G$5:$G$52,MATCH(model_variant&"|"&n_realizations&"|"&realization_years,Data_CostSurface!$A$5:$A$52,0)),NA()) -> 173.8135 | C7: MEASURED warm median seconds per evaluation at K=128.
A8: t_eval_fitted_s | B8: =INDEX(Data_Fits!$B$5:$B$6,MATCH(model_variant,Data_Fits!$A$5:$A$6,0))+INDEX(Data_Fits!$C$5:$C$6,MATCH(model_variant,Data_Fits!$A$5:$A$6,0))*n_realizations*realization_years -> 178.8045 | C8: Fallback: intercept + per-scenario-year * N * L. ~4% median error, worst at tiny N.
A9: t_eval_base_s | B9: =IFERROR($B$7,$B$8) -> 173.8135 | C9: Measured if available, else fitted. This is the K=128 baseline.
A10: packing_adjust | B10: =IFERROR(INDEX(Data_Packing!$G$5:$G$12,MATCH(ranks_per_node,Data_Packing!$A$5:$A$12,0)),1) -> 1 | C10: Contention relative to K=128. <1 means a less-packed node evaluates faster.
A11: batching_adjust | B11: =IFERROR(INDEX(Data_Batching!$C$5:$C$9,MATCH(IF(realizations_per_run="all",20,realizations_per_run),Data_Batching!$A$5:$A$9,0)),1) -> 1 | C11: Time penalty for splitting the ensemble across model.run() calls. 'all' = 1.0.
A12: t_eval_s | B12: =$B$9*$B$10*$B$11 -> 173.8135 | C12: Effective seconds per evaluation under this design.
A14: MEMORY FEASIBILITY
A15: rss_per_rank_mb | B15: =IFERROR(INDEX(Data_CostSurface!$H$5:$H$52,MATCH(model_variant&"|"&n_realizations&"|"&realization_years,Data_CostSurface!$A$5:$A$52,0)),INDEX(Data_Fits!$F$5:$F$6,MATCH(model_variant,Data_Fits!$A$5:$A$6,0))+INDEX(Data_Fits!$G$5:$G$6,MATCH(model_variant,Data_Fits!$A$5:$A$6,0))*n_realizations*realization_years) -> 1198.8 | C15: Peak resident memory of one evaluating rank.
A16: node_mem_needed_gb | B16: =$B$15*ranks_per_node/1024 -> 149.85 | C16: K ranks x per-rank peak.
A17: node_mem_usable_gb | B17: =node_mem_gb*mem_safety_frac -> 217.6 | C17: 85% of 256 GB; the rest covers the cold-build spike and /dev/shm model JSONs.
A18: max_K_that_fits | B18: =MIN(cores_per_node,FLOOR($B$17*1024/$B$15,1)) -> 128 | C18: Memory ceiling on packing density. This is what forces K<128 at large N x L.
A19: MEMORY CHECK | B19: =IF(ranks_per_node<=$B$18,"OK","WILL NOT FIT - reduce ranks_per_node to "&$B$18) -> OK | C19: F3 showed memory is not binding at small N x L -- but it IS at N=200, L=30.
A21: PARALLEL GEOMETRY
A22: total_ranks | B22: =nodes*ranks_per_node -> 4096 | C22: MPI ranks in the job.
A23: evaluation_workers | B23: =$B$22-islands-1 -> 4091 | C23: ntasks = 1 + islands * (workers_per_island + 1); so workers = ranks - islands - 1.
A24: efficiency | B24: =IF(efficiency_method="manual",efficiency_manual,IF(efficiency_method="loglinear",MIN(1,MAX(0.05,Data_BorgScaling!$B$14+Data_BorgScaling!$B$15*LOG($B$23,2))),IFERROR(INDEX(Data_BorgScaling!$J$5:$J$10,MATCH($B$23,Data_BorgScaling!$D$5:$D$10,0)),0.729094))) -> 0.729094 | C24: measured_hold: exact measured value, else hold the 64-slot floor (0.729). loglinear: extrapolate the decay. manual: your own number.
A25: efficiency_is_extrapolated | B25: =IF(efficiency_method="manual","manual",IF($B$23>64,"YES - beyond measured 64 slots","NO - measured")) -> YES - beyond measured 64 slots | C25: Everything above 64 slots is extrapolation. Conservative, since single-trace runs understate efficiency at real evaluation cost.
A27: ONE BORG RUN
A28: walltime_hr | B28: =nfe_total*$B$12/($B$23*$B$24)/3600 -> 8.0935304 | C28: NFE x seconds-per-eval, spread over workers, degraded by efficiency.
A29: walltime_readable | B29: =TEXT(INT($B$28/24),"0")&"d "&TEXT(MOD($B$28,24),"0.0")&"h" -> 0d 8.1h | C29: Anvil wholenode max walltime is 96 h -- check below.
A30: WALLTIME CHECK | B30: =IF($B$28<=96,"OK - fits a single 96 h job","EXCEEDS 96 h - split or add nodes") -> OK - fits a single 96 h job
A31: su_per_run | B31: =nodes*$B$28*su_per_node_hr -> 33151.101 | C31: Nodes x hours x 128 SU/node-hour.
A33: CAMPAIGN TOTAL
A34: n_borg_runs | B34: =n_designs*n_draws*n_seeds -> 15 | C34: designs x draws x seeds.
A35: search_su | B35: =$B$34*$B$31 -> 497266.51 | C35: All Borg runs.
A36: search_walltime_serial_hr | B36: =$B$34*$B$28 -> 121.40296 | C36: If every run went one after another.
A37: search_walltime_parallel_hr | B37: =$B$28 -> 8.0935304 | C37: All runs are independent sbatch jobs -- wall time is one run, queue permitting.
A39: RE-EVALUATION
A40: reeval_t_eval_s | B40: =IFERROR(INDEX(Data_CostSurface!$G$5:$G$52,MATCH("full|"&reeval_n_realizations&"|"&reeval_years,Data_CostSurface!$A$5:$A$52,0)),INDEX(Data_Fits!$B$5:$B$6,MATCH("full",Data_Fits!$A$5:$A$6,0))+INDEX(Data_Fits!$C$5:$C$6,MATCH("full",Data_Fits!$A$5:$A$6,0))*reeval_n_realizations*reeval_years) -> 204492.76 | C40: Re-evaluation uses the FULL model on E_test.
A41: reeval_su | B41: =reeval_policies*$B$40/3600*su_per_node_hr/ranks_per_node -> 85205.316 | C41: Embarrassingly parallel: total core-hours, charged at 1 SU/core-hour.
A42: reeval_walltime_hr | B42: =reeval_policies*$B$40/(reeval_nodes*ranks_per_node)/3600 -> 20.802079 | C42: No Borg coordination here, so no efficiency penalty applied.
A44: TOTAL CAMPAIGN SU | B44: =$B$35+$B$41 -> 582471.83 | C44: Search + re-evaluation.
A45: FRACTION OF ALLOCATION | B45: =$B$44/allocation_su -> 0.7766291 | C45: Against the 750,000 SU project allocation.
A46: ALLOCATION CHECK | B46: =IF($B$45<=1,"OK - fits in allocation ("&TEXT(allocation_su-$B$44,"#,##0")&" SU spare)","OVER BUDGET by "&TEXT($B$44-allocation_su,"#,##0")&" SU") -> OK - fits in allocation (167,528 SU spare)
A49: UNUSED ALLOCATION | B49: =750000-B44 -> 167528.17

Sheet Design_Compare
A1: Parallelism design comparison
A2: Prices one Borg run across node counts, using the ensemble + NFE currently set on Inputs. Wall time falls with nodes; SU stays nearly flat -- so buy speed.
A4: nodes | B4: ranks_per_node | C4: total_ranks | D4: workers | E4: efficiency | F4: walltime_hr | G4: su_per_run | H4: campaign_su | I4: frac_of_allocation | J4: fits_96h
A5: 1 | B5: =ranks_per_node -> 128 | C5: =A5*B5 -> 128 | D5: =C5-islands-1 -> 123 | E5: =IF(efficiency_method="manual",efficiency_manual,IF(efficiency_method="loglinear",MIN(1,MAX(0.05,Data_BorgScaling!$B$14+Data_BorgScaling!$B$15*LOG(D5,2))),IFERROR(INDEX(Data_BorgScaling!$J$5:$J$10,MATCH(D5,Data_BorgScaling!$D$5:$D$10,0)),0.729094))) -> 0.729094 | F5: =nfe_total*Calculator!$B$12/(D5*E5)/3600 -> 269.19214 | G5: =A5*F5*su_per_node_hr -> 34456.594 | H5: =G5*n_designs*n_draws*n_seeds+Calculator!$B$41 -> 602054.22 | I5: =H5/allocation_su -> 0.80273896 | J5: =IF(F5<=96,"OK","NO") -> NO
A6: 2 | B6: =ranks_per_node -> 128 | C6: =A6*B6 -> 256 | D6: =C6-islands-1 -> 251 | E6: =IF(efficiency_method="manual",efficiency_manual,IF(efficiency_method="loglinear",MIN(1,MAX(0.05,Data_BorgScaling!$B$14+Data_BorgScaling!$B$15*LOG(D6,2))),IFERROR(INDEX(Data_BorgScaling!$J$5:$J$10,MATCH(D6,Data_BorgScaling!$D$5:$D$10,0)),0.729094))) -> 0.729094 | F6: =nfe_total*Calculator!$B$12/(D6*E6)/3600 -> 131.91487 | G6: =A6*F6*su_per_node_hr -> 33770.207 | H6: =G6*n_designs*n_draws*n_seeds+Calculator!$B$41 -> 591758.43 | I6: =H6/allocation_su -> 0.78901124 | J6: =IF(F6<=96,"OK","NO") -> NO
A7: 4 | B7: =ranks_per_node -> 128 | C7: =A7*B7 -> 512 | D7: =C7-islands-1 -> 507 | E7: =IF(efficiency_method="manual",efficiency_manual,IF(efficiency_method="loglinear",MIN(1,MAX(0.05,Data_BorgScaling!$B$14+Data_BorgScaling!$B$15*LOG(D7,2))),IFERROR(INDEX(Data_BorgScaling!$J$5:$J$10,MATCH(D7,Data_BorgScaling!$D$5:$D$10,0)),0.729094))) -> 0.729094 | F7: =nfe_total*Calculator!$B$12/(D7*E7)/3600 -> 65.306969 | G7: =A7*F7*su_per_node_hr -> 33437.168 | H7: =G7*n_designs*n_draws*n_seeds+Calculator!$B$41 -> 586762.83 | I7: =H7/allocation_su -> 0.78235045 | J7: =IF(F7<=96,"OK","NO") -> OK
A8: 8 | B8: =ranks_per_node -> 128 | C8: =A8*B8 -> 1024 | D8: =C8-islands-1 -> 1019 | E8: =IF(efficiency_method="manual",efficiency_manual,IF(efficiency_method="loglinear",MIN(1,MAX(0.05,Data_BorgScaling!$B$14+Data_BorgScaling!$B$15*LOG(D8,2))),IFERROR(INDEX(Data_BorgScaling!$J$5:$J$10,MATCH(D8,Data_BorgScaling!$D$5:$D$10,0)),0.729094))) -> 0.729094 | F8: =nfe_total*Calculator!$B$12/(D8*E8)/3600 -> 32.493261 | G8: =A8*F8*su_per_node_hr -> 33273.099 | H8: =G8*n_designs*n_draws*n_seeds+Calculator!$B$41 -> 584301.81 | I8: =H8/allocation_su -> 0.77906907 | J8: =IF(F8<=96,"OK","NO") -> OK
A9: 16 | B9: =ranks_per_node -> 128 | C9: =A9*B9 -> 2048 | D9: =C9-islands-1 -> 2043 | E9: =IF(efficiency_method="manual",efficiency_manual,IF(efficiency_method="loglinear",MIN(1,MAX(0.05,Data_BorgScaling!$B$14+Data_BorgScaling!$B$15*LOG(D9,2))),IFERROR(INDEX(Data_BorgScaling!$J$5:$J$10,MATCH(D9,Data_BorgScaling!$D$5:$D$10,0)),0.729094))) -> 0.729094 | F9: =nfe_total*Calculator!$B$12/(D9*E9)/3600 -> 16.206869 | G9: =A9*F9*su_per_node_hr -> 33191.667 | H9: =G9*n_designs*n_draws*n_seeds+Calculator!$B$41 -> 583080.33 | I9: =H9/allocation_su -> 0.77744044 | J9: =IF(F9<=96,"OK","NO") -> OK
A10: 32 | B10: =ranks_per_node -> 128 | C10: =A10*B10 -> 4096 | D10: =C10-islands-1 -> 4091 | E10: =IF(efficiency_method="manual",efficiency_manual,IF(efficiency_method="loglinear",MIN(1,MAX(0.05,Data_BorgScaling!$B$14+Data_BorgScaling!$B$15*LOG(D10,2))),IFERROR(INDEX(Data_BorgScaling!$J$5:$J$10,MATCH(D10,Data_BorgScaling!$D$5:$D$10,0)),0.729094))) -> 0.729094 | F10: =nfe_total*Calculator!$B$12/(D10*E10)/3600 -> 8.0935304 | G10: =A10*F10*su_per_node_hr -> 33151.101 | H10: =G10*n_designs*n_draws*n_seeds+Calculator!$B$41 -> 582471.83 | I10: =H10/allocation_su -> 0.7766291 | J10: =IF(F10<=96,"OK","NO") -> OK

Sheet Data_CostSurface
A1: Measured per-evaluation cost surface
A2: MEASURED. ensemble_cost_experiment/tables/cost_surface.csv. Warm median seconds for one full ensemble evaluation, N realizations x L years, at K=128 ranks/node unless k_concurrent says otherwise. Rows with fits_128_ranks=FALSE were measured at reduced K (memory-limited) and so carry LESS contention than a packed node.
A4: key | B4: model_variant | C4: n_realizations | D4: realization_years | E4: scenario_years | F4: k_concurrent | G4: warm_median_s | H4: rss_max_mb | I4: fits_128_ranks
A5: full|1|5 | B5: full | C5: 1 | D5: 5 | E5: 5 | F5: 128 | G5: 3.121 | H5: 404.9 | I5: TRUE
A6: full|10|5 | B6: full | C6: 10 | D6: 5 | E6: 50 | F6: 128 | G6: 12.082 | H6: 444.1 | I6: TRUE
A7: full|20|5 | B7: full | C7: 20 | D7: 5 | E7: 100 | F7: 128 | G7: 21.879 | H7: 488.8 | I7: TRUE
A8: full|50|5 | B8: full | C8: 50 | D8: 5 | E8: 250 | F8: 128 | G8: 50.9545 | H8: 624 | I8: TRUE
A9: full|100|5 | B9: full | C9: 100 | D9: 5 | E9: 500 | F9: 128 | G9: 99.8085 | H9: 809.8 | I9: TRUE
A10: full|200|5 | B10: full | C10: 200 | D10: 5 | E10: 1000 | F10: 128 | G10: 206.797 | H10: 937.2 | I10: TRUE
A11: full|1|10 | B11: full | C11: 1 | D11: 10 | E11: 10 | F11: 128 | G11: 5.3615 | H11: 416.5 | I11: TRUE
A12: full|10|10 | B12: full | C12: 10 | D12: 10 | E12: 100 | F12: 128 | G12: 23.445 | H12: 496.9 | I12: TRUE
A13: full|20|10 | B13: full | C13: 20 | D13: 10 | E13: 200 | F13: 128 | G13: 43.371 | H13: 583.6 | I13: TRUE
A14: full|50|10 | B14: full | C14: 50 | D14: 10 | E14: 500 | F14: 128 | G14: 100.785 | H14: 848.5 | I14: TRUE
A15: full|100|10 | B15: full | C15: 100 | D15: 10 | E15: 1000 | F15: 128 | G15: 202.089 | H15: 1140.3 | I15: TRUE
A16: full|200|10 | B16: full | C16: 200 | D16: 10 | E16: 2000 | F16: 128 | G16: 420.639 | H16: 1470.5 | I16: TRUE
... A52: trimmed|200|30 | B52: trimmed | C52: 200 | D52: 30 | E52: 6000 | F52: 64 | G52: 1084.9155 | H52: 3215.6 | I52: FALSE

Sheet Data_Packing
A1: Packing ladder: contention vs ranks per node
A2: MEASURED. anvil_scaling_experiment/tables/packing_summary.csv (stand-in preset N=20, L=20, whole ensemble per run). 'contention_vs_k128' rescales the slowdown so K=128 -> 1.0, because the cost surface above is itself measured at K=128. Assumes contention scales with K independently of ensemble size -- untested at N=100.
A4: k | B4: warm_median_s | C4: slowdown_vs_k1 | D4: evals_per_node_hr | E4: su_per_1000_evals | F4: rss_max_mb | G4: contention_vs_k128
A5: 1 | B5: 63.98 | C5: 1 | D5: 56.267584 | E5: 2274.8444 | F5: 755.1 | G5: 0.85606861
A6: 8 | B6: 64.573 | C6: 1.0092685 | D6: 446.00684 | E6: 286.99111 | F6: 691 | G6: 0.8640031
A7: 16 | B7: 64.6535 | C7: 1.0105267 | D7: 890.90304 | E7: 143.67444 | F7: 692.4 | G7: 0.86508021
A8: 32 | B8: 64.5145 | C8: 1.0083542 | D8: 1785.6451 | E8: 71.682778 | F8: 697.2 | G8: 0.86322036
A9: 48 | B9: 67.848 | C9: 1.0604564 | D9: 2546.8695 | E9: 50.257778 | F9: 698.8 | G9: 0.90782343
A10: 64 | B10: 74.2535 | C10: 1.1605736 | D10: 3102.884 | E10: 41.251944 | F10: 701.9 | G10: 0.99353065
A11: 96 | B11: 73.784 | C11: 1.1532354 | D11: 4683.9423 | E11: 27.327407 | F11: 707.8 | G11: 0.98724862
A12: 128 | B12: 74.737 | C12: 1.1681307 | D12: 6165.6208 | E12: 20.760278 | F12: 714.1 | G12: 1

Sheet Data_BorgScaling
A1: Borg strong scaling: parallel efficiency vs evaluation slots
A2: MEASURED. anvil_scaling_experiment/tables/borg_summary.csv. NOTE these runs used DEBUG_SIM single-trace short-window evaluations (~6 s/eval), NOT ensemble evaluations -- by design, so the signal is Borg's parallel overhead rather than simulation cost. With real ~174 s evaluations there is far more work per unit of coordination, so true efficiency should be BETTER than these numbers. Treat as a conservative floor. Max measured = 64 slots; anything beyond is extrapolation.
A4: config | B4: islands | C4: workers_per_island | D4: total_slots | E4: ranks | F4: total_nfe | G4: wall_mean_s | H4: speedup | I4: ideal_speedup | J4: efficiency
A5: scale_1x8 | B5: 1 | C5: 8 | D5: 8 | E5: 10 | F5: 1280 | G5: 837 | H5: 1 | I5: 1 | J5: 1
A6: scale_1x16 | B6: 1 | C6: 16 | D6: 16 | E6: 18 | F6: 1280 | G6: 471 | H6: 1.7770701 | I6: 2 | J6: 0.88853503
A7: scale_1x32 | B7: 1 | C7: 32 | D7: 32 | E7: 34 | F7: 1280 | G7: 249 | H7: 3.3614458 | I7: 4 | J7: 0.84036145
A8: scale_1x64 | B8: 1 | C8: 64 | D8: 64 | E8: 66 | F8: 1280 | G8: 143.5 | H8: 5.8327526 | I8: 8 | J8: 0.72909408
A9: scale_2x32 | B9: 2 | C9: 32 | D9: 64 | E9: 67 | F9: 1280 | G9: 147 | H9: 5.6938776 | I9: 8 | J9: 0.71173469
A10: scale_4x16 | B10: 4 | C10: 16 | D10: 64 | E10: 69 | F10: 1280 | G10: 147 | H10: 5.6938776 | I10: 8 | J10: 0.71173469
A12: Log-linear extrapolation fit (1-island points)
A13: efficiency = intercept + slope * LOG2(slots)
A14: intercept | B14: 1.251899
A15: slope | B15: -0.086089
A16: (~8.6% efficiency lost per doubling of slots)

Sheet Data_Batching
A1: Batched evaluation: realizations per model.run() (at K=128)
A2: MEASURED. anvil_scaling_experiment/tables/batch_summary.csv (stand-in preset N=20, L=20). 'time_vs_all' is the per-eval time penalty relative to passing the whole ensemble in one call. B=all is the campaign setting; the other rows exist to show what NOT batching would cost.
A4: b_effective | B4: warm_median_s | C4: time_vs_all | D4: rss_max_mb | E4: su_per_1000_evals
A5: 1 | B5: 182.7055 | C5: 2.4417055 | D5: 461.6 | E5: 50.751528
A6: 2 | B6: 128.62 | C6: 1.7188983 | D6: 507.7 | E6: 35.727778
A7: 5 | B7: 93.9145 | C7: 1.2550884 | D7: 554 | E7: 26.087361
A8: 10 | B8: 81.3895 | C8: 1.0877023 | D8: 694.3 | E8: 22.608194
A9: 20 | B9: 74.827 | C9: 1 | D9: 713.1 | E9: 20.785278

Sheet Data_Fits
A1: Fitted fallback models (used only OFF the measured grid)
A2: FITTED here from Data_CostSurface K=128 cells on each build. t_eval = t_intercept + t_per_scenario_year * N * L. RSS = rss_base + rss_per_scenario_year * N * L. Cost is very nearly LINEAR in scenario-years (fitted exponents ~1.0), so the pywr scenario machinery buys little sub-linearity. Fit error is largest at the tiny-N corner, which is far from any campaign design point.
A4: model_variant | B4: t_intercept_s | C4: t_per_scenario_year_s | D4: t_fit_median_err | E4: t_fit_max_err | F4: rss_base_mb | G4: rss_per_scenario_year_mb | H4: n_cells_fitted
A5: trimmed | B5: 2.4645 | C5: 0.17634 | D5: 0.037 | E5: 0.3995 | F5: 477.77 | G5: 0.48536 | H5: 21
A6: full | B6: 2.7577 | C6: 0.20449 | D6: 0.0418 | E6: 0.3831 | F6: 482.55 | G6: 0.5381 | H6: 21
A8: Constants
A9: cores_per_node | B9: 128 | C9: Anvil CPU node
A10: node_mem_gb | B10: 256 | C10: Anvil CPU node
A11: su_per_node_hr | B11: 128 | C11: 1 SU per core-hour; verified vs projection.csv
A12: mem_safety_frac | B12: 0.85 | C12: usable fraction of node RAM (cold spike + /dev/shm)
A13: allocation_su | B13: 750000 | C13: total project allocation
A14: full_over_trimmed_time | B14: 1.1535 | C14: median measured ratio (informational; variants are looked up directly)
